y_true,y_pred,score_0,score_1,score_2
0,0,0.9726428389549255,1.3001446859561838e-05,0.027344129979610443
0,0,0.971696674823761,1.1992769941571169e-05,0.028291283175349236
0,0,0.9723832011222839,1.2129376955272164e-05,0.027604637667536736
