{
  "run_id": "convnext_tiny_cbam-20260414-020516",
  "run_dir": "artifacts/runs/convnext_tiny_cbam-20260414-020516",
  "best_epoch": 6,
  "best_metric_name": "val_macro_f1",
  "best_metric_value": 0.6305521644186491,
  "final_metrics": {
    "epoch": 20.0,
    "lr": 1.846748910729352e-06,
    "train_macro_f1": 1.0,
    "train_accuracy": 1.0,
    "train_recall_class_0": 1.0,
    "train_pred_rate_0": 0.3324889170360988,
    "train_recall_class_1": 1.0,
    "train_pred_rate_1": 0.3267891070297656,
    "train_recall_class_2": 1.0,
    "train_pred_rate_2": 0.3407219759341355,
    "train_loss": 0.0009010203790937,
    "val_macro_f1": 0.5905327787680729,
    "val_accuracy": 0.8050632911392405,
    "val_recall_class_0": 0.9427609427609428,
    "val_pred_rate_0": 0.7974683544303798,
    "val_recall_class_1": 0.2978723404255319,
    "val_pred_rate_1": 0.1088607594936708,
    "val_recall_class_2": 0.4705882352941176,
    "val_pred_rate_2": 0.0936708860759493,
    "val_loss": 1.255363289117813
  },
  "outputs": [
    "reports/figures/eval/convnext_tiny_cbam-20260414-020516/training_history.png",
    "reports/figures/eval/convnext_tiny_cbam-20260414-020516/confusion_matrix.png",
    "reports/figures/eval/convnext_tiny_cbam-20260414-020516/roc_ovr.png"
  ]
}