{
  "run_id": "convnext_tiny_cbam-20260413-024255",
  "run_dir": "artifacts/runs/convnext_tiny_cbam-20260413-024255",
  "best_epoch": 11,
  "best_metric_name": "val_macro_f1",
  "best_metric_value": 0.5749105122904584,
  "final_metrics": {
    "epoch": 20.0,
    "lr": 1.846748910729352e-06,
    "train_macro_f1": 0.993078882713102,
    "train_accuracy": 0.9930379746835444,
    "train_recall_class_0": 0.979816513761468,
    "train_pred_rate_0": 0.3379746835443038,
    "train_recall_class_1": 1.0,
    "train_pred_rate_1": 0.3322784810126582,
    "train_recall_class_2": 1.0,
    "train_pred_rate_2": 0.3297468354430379,
    "train_loss": 0.0081195439008591,
    "val_macro_f1": 0.5687856604863756,
    "val_accuracy": 0.7518987341772152,
    "val_recall_class_0": 0.8989547038327527,
    "val_pred_rate_0": 0.8050632911392405,
    "val_recall_class_1": 0.2372881355932203,
    "val_pred_rate_1": 0.0936708860759493,
    "val_recall_class_2": 0.5102040816326531,
    "val_pred_rate_2": 0.1012658227848101,
    "val_loss": 3.0050095915794373
  },
  "outputs": [
    "reports/figures/eval/convnext_tiny_cbam-20260413-024255/training_history.png",
    "reports/figures/eval/convnext_tiny_cbam-20260413-024255/confusion_matrix.png",
    "reports/figures/eval/convnext_tiny_cbam-20260413-024255/roc_ovr.png"
  ]
}