{
  "run_id": "convnext_tiny_cbam-20260413-032618",
  "run_dir": "artifacts/runs/convnext_tiny_cbam-20260413-032618",
  "best_epoch": 5,
  "best_metric_name": "val_macro_f1",
  "best_metric_value": 0.6591572894651664,
  "final_metrics": {
    "epoch": 20.0,
    "lr": 1.846748910729352e-06,
    "train_macro_f1": 1.0,
    "train_accuracy": 1.0,
    "train_recall_class_0": 1.0,
    "train_pred_rate_0": 0.3324889170360988,
    "train_recall_class_1": 1.0,
    "train_pred_rate_1": 0.3267891070297656,
    "train_recall_class_2": 1.0,
    "train_pred_rate_2": 0.3407219759341355,
    "train_loss": 0.0003502352916955,
    "val_macro_f1": 0.5793701028696135,
    "val_accuracy": 0.7974683544303798,
    "val_recall_class_0": 0.9393939393939394,
    "val_pred_rate_0": 0.810126582278481,
    "val_recall_class_1": 0.2765957446808511,
    "val_pred_rate_1": 0.1012658227848101,
    "val_recall_class_2": 0.4509803921568627,
    "val_pred_rate_2": 0.0886075949367088,
    "val_loss": 1.303861674666405
  },
  "outputs": [
    "reports/figures/eval/convnext_tiny_cbam-20260413-032618/training_history.png",
    "reports/figures/eval/convnext_tiny_cbam-20260413-032618/confusion_matrix.png",
    "reports/figures/eval/convnext_tiny_cbam-20260413-032618/roc_ovr.png"
  ]
}