{
  "run_id": "convnext_tiny_cbam-20260414-125804",
  "run_dir": "artifacts/runs/convnext_tiny_cbam-20260414-125804",
  "best_epoch": 13,
  "best_metric_name": "val_macro_f1",
  "best_metric_value": 0.6189031526376296,
  "final_metrics": {
    "epoch": 20.0,
    "lr": 1.846748910729352e-06,
    "train_macro_f1": 0.9968335742833508,
    "train_accuracy": 0.9968334388853703,
    "train_recall_class_0": 0.9904761904761904,
    "train_pred_rate_0": 0.3293223559214693,
    "train_recall_class_1": 1.0,
    "train_pred_rate_1": 0.3280557314756175,
    "train_recall_class_2": 1.0,
    "train_pred_rate_2": 0.3426219126029132,
    "train_loss": 0.1515776893496513,
    "val_macro_f1": 0.5449102895518134,
    "val_accuracy": 0.769620253164557,
    "val_recall_class_0": 0.9124579124579124,
    "val_pred_rate_0": 0.810126582278481,
    "val_recall_class_1": 0.2340425531914893,
    "val_pred_rate_1": 0.0936708860759493,
    "val_recall_class_2": 0.4313725490196078,
    "val_pred_rate_2": 0.0962025316455696,
    "val_loss": 1.3394116254953237
  },
  "outputs": [
    "reports/figures/eval/convnext_tiny_cbam-20260414-125804/convnext_tiny_cbam-20260414-125804/training_history.png",
    "reports/figures/eval/convnext_tiny_cbam-20260414-125804/convnext_tiny_cbam-20260414-125804/confusion_matrix.png",
    "reports/figures/eval/convnext_tiny_cbam-20260414-125804/convnext_tiny_cbam-20260414-125804/roc_ovr.png"
  ]
}