{
  "run_id": "convnext_tiny_cbam-20260413-013227",
  "run_dir": "artifacts/runs/convnext_tiny_cbam-20260413-013227",
  "best_epoch": 2,
  "best_metric_name": "val_macro_f1",
  "best_metric_value": 0.0866372980910425,
  "final_metrics": {
    "epoch": 7.0,
    "lr": 0.0002381677878438,
    "train_macro_f1": 0.2758933419743812,
    "train_accuracy": 0.35,
    "train_recall_class_0": 0.0,
    "train_pred_rate_0": 0.0,
    "train_recall_class_1": 0.6501901140684411,
    "train_pred_rate_1": 0.6322784810126583,
    "train_recall_class_2": 0.3966165413533835,
    "train_pred_rate_2": 0.3677215189873418,
    "train_loss": 0.9171603057119582,
    "val_macro_f1": 0.0866372980910425,
    "val_accuracy": 0.1493670886075949,
    "val_recall_class_0": 0.0,
    "val_pred_rate_0": 0.0,
    "val_recall_class_1": 1.0,
    "val_pred_rate_1": 1.0,
    "val_recall_class_2": 0.0,
    "val_pred_rate_2": 0.0,
    "val_loss": 1.3701615524291992
  },
  "outputs": [
    "reports/figures/eval/convnext_tiny_cbam-20260413-013227/training_history.png",
    "reports/figures/eval/convnext_tiny_cbam-20260413-013227/confusion_matrix.png",
    "reports/figures/eval/convnext_tiny_cbam-20260413-013227/roc_ovr.png"
  ]
}