y_true,y_pred,score_0,score_1,score_2
0,0,0.9359733462333679,1.9375005649635568e-05,0.0640072301030159
0,0,0.9362097382545471,1.820010584197007e-05,0.0637720599770546
0,0,0.9355515241622925,1.8545031707617454e-05,0.06442998349666595
