{
  "run_id": "convnext_tiny_cbam-20260413-031755",
  "run_dir": "artifacts/runs/convnext_tiny_cbam-20260413-031755",
  "best_epoch": 13,
  "best_metric_name": "val_macro_f1",
  "best_metric_value": 0.6960434986324954,
  "final_metrics": {
    "epoch": 20.0,
    "lr": 1.846748910729352e-06,
    "train_macro_f1": 0.9987328982175656,
    "train_accuracy": 0.9987333755541482,
    "train_recall_class_0": 1.0,
    "train_pred_rate_0": 0.3337555414819506,
    "train_recall_class_1": 0.998062015503876,
    "train_pred_rate_1": 0.3261557948068397,
    "train_recall_class_2": 0.9981412639405204,
    "train_pred_rate_2": 0.3400886637112096,
    "train_loss": 0.003182747468912,
    "val_macro_f1": 0.6591574095652399,
    "val_accuracy": 0.8405063291139241,
    "val_recall_class_0": 0.9595959595959596,
    "val_pred_rate_0": 0.8,
    "val_recall_class_1": 0.3404255319148936,
    "val_pred_rate_1": 0.0936708860759493,
    "val_recall_class_2": 0.6078431372549019,
    "val_pred_rate_2": 0.1063291139240506,
    "val_loss": 1.1872816157341004
  },
  "outputs": [
    "reports/figures/eval/convnext_tiny_cbam-20260413-031755/training_history.png",
    "reports/figures/eval/convnext_tiny_cbam-20260413-031755/confusion_matrix.png",
    "reports/figures/eval/convnext_tiny_cbam-20260413-031755/roc_ovr.png"
  ]
}