{
  "run_id": "convnext_tiny_cbam-20260413-031057",
  "run_dir": "artifacts/runs/convnext_tiny_cbam-20260413-031057",
  "best_epoch": 19,
  "best_metric_name": "val_macro_f1",
  "best_metric_value": 0.6544147953572307,
  "final_metrics": {
    "epoch": 20.0,
    "lr": 1.846748910729352e-06,
    "train_macro_f1": 0.962384520477867,
    "train_accuracy": 0.974667511082964,
    "train_recall_class_0": 0.9670886075949368,
    "train_pred_rate_0": 0.7264091196960102,
    "train_recall_class_1": 0.9947368421052633,
    "train_pred_rate_1": 0.1443951868271057,
    "train_recall_class_2": 1.0,
    "train_pred_rate_2": 0.1291956934768841,
    "train_loss": 0.0446233553006407,
    "val_macro_f1": 0.6512939196297075,
    "val_accuracy": 0.810126582278481,
    "val_recall_class_0": 0.9023569023569024,
    "val_pred_rate_0": 0.7367088607594937,
    "val_recall_class_1": 0.4042553191489361,
    "val_pred_rate_1": 0.1468354430379747,
    "val_recall_class_2": 0.6470588235294118,
    "val_pred_rate_2": 0.1164556962025316,
    "val_loss": 2.057704227268696
  },
  "outputs": [
    "reports/figures/eval/convnext_tiny_cbam-20260413-031057/training_history.png",
    "reports/figures/eval/convnext_tiny_cbam-20260413-031057/confusion_matrix.png",
    "reports/figures/eval/convnext_tiny_cbam-20260413-031057/roc_ovr.png"
  ]
}