{
  "run_id": "densenet121_dense_reuse-20260414-103000",
  "run_dir": "artifacts/runs/densenet121_dense_reuse-20260414-103000",
  "best_epoch": 10,
  "best_metric_name": "val_macro_f1",
  "best_metric_value": 0.6078196960700932,
  "final_metrics": {
    "epoch": 18.0,
    "lr": 1.6349021371744834e-05,
    "train_macro_f1": 0.9974728484266858,
    "train_accuracy": 0.9974667511082964,
    "train_recall_class_0": 1.0,
    "train_pred_rate_0": 0.3318556048131729,
    "train_recall_class_1": 0.994296577946768,
    "train_pred_rate_1": 0.331222292590247,
    "train_recall_class_2": 0.9981132075471698,
    "train_pred_rate_2": 0.3369221025965801,
    "train_loss": 0.008451135560689,
    "val_macro_f1": 0.5168652649610503,
    "val_accuracy": 0.7949367088607595,
    "val_recall_class_0": 0.9797979797979798,
    "val_pred_rate_0": 0.8962025316455696,
    "val_recall_class_1": 0.1489361702127659,
    "val_pred_rate_1": 0.0531645569620253,
    "val_recall_class_2": 0.3137254901960784,
    "val_pred_rate_2": 0.050632911392405,
    "val_loss": 1.5321074545383453
  },
  "outputs": [
    "reports/figures/eval/densenet121_dense_reuse-20260414-103000/densenet121_dense_reuse-20260414-103000/training_history.png",
    "reports/figures/eval/densenet121_dense_reuse-20260414-103000/densenet121_dense_reuse-20260414-103000/confusion_matrix.png",
    "reports/figures/eval/densenet121_dense_reuse-20260414-103000/densenet121_dense_reuse-20260414-103000/roc_ovr.png"
  ]
}