epoch,lr,train_macro_f1,train_accuracy,train_recall_class_0,train_pred_rate_0,train_recall_class_1,train_pred_rate_1,train_recall_class_2,train_pred_rate_2,train_loss,val_macro_f1,val_accuracy,val_recall_class_0,val_pred_rate_0,val_recall_class_1,val_pred_rate_1,val_recall_class_2,val_pred_rate_2,val_loss
1,0.0003,0.2830722803136596,0.3265822784810127,0.05008944543828265,0.049367088607594936,0.5862068965517241,0.5873417721518988,0.36472945891783565,0.3632911392405063,1.0926592205509995,0.07357357357357357,0.1240506329113924,0.0,0.0,0.0,0.0,1.0,1.0,1.353509259223938
2,0.00029815325108927063,0.26783438448458546,0.33987341772151897,0.0,0.0,0.6018518518518519,0.5968354430379746,0.40458015267175573,0.4031645569620253,0.942831302532042,0.08663729809104259,0.14936708860759493,0.0,0.0,1.0,1.0,0.0,0.0,1.2885221910476685
3,0.00029265847744427303,0.2681537292224315,0.33734177215189876,0.0,0.0,0.6070038910505836,0.5867088607594937,0.41154562383612664,0.4132911392405063,0.9303715518026641,0.08663729809104259,0.14936708860759493,0.0,0.0,1.0,1.0,0.0,0.0,1.313008692264557
4,0.0002836509786282552,0.24811844818971504,0.30886075949367087,0.0,0.0,0.5470941883767535,0.5759493670886076,0.40186915887850466,0.4240506329113924,0.9513769950529541,0.07357357357357357,0.1240506329113924,0.0,0.0,0.0,0.0,1.0,1.0,1.3405874586105346
5,0.0002713525491562421,0.25664488017429193,0.32531645569620254,0.0,0.0,0.65234375,0.6443037974683544,0.3474903474903475,0.3556962025316456,0.9309291815516925,0.08663729809104259,0.14936708860759493,0.0,0.0,1.0,1.0,0.0,0.0,1.30303156375885
6,0.0002560660171779821,0.2441178713749118,0.30253164556962026,0.0,0.0,0.5337301587301587,0.5873417721518988,0.40192307692307694,0.41265822784810124,0.9622321441920116,0.07357357357357357,0.1240506329113924,0.0,0.0,0.0,0.0,1.0,1.0,1.2754041528701783
7,0.000238167787843871,0.27589334197438126,0.35,0.0,0.0,0.6501901140684411,0.6322784810126583,0.3966165413533835,0.3677215189873418,0.9171603057119582,0.08663729809104259,0.14936708860759493,0.0,0.0,1.0,1.0,0.0,0.0,1.3701615524291992
