y_true,y_pred,score_0,score_1,score_2
0,0,0.8466393947601318,4.193147105979733e-05,0.15331876277923584
0,0,0.8349838256835938,4.3972693674732e-05,0.16497226059436798
0,0,0.8344371318817139,4.382864062790759e-05,0.16551907360553741
